"Reference","Value","Datasheet","Footprint","Qty","DNP"
"C1","10uF","","Capacitor_THT:CP_Radial_D4.0mm_P2.00mm","1",""
"C2","0.1uF","","Capacitor_THT:CP_Radial_D4.0mm_P2.00mm","1",""
"D1","RED","","LED_THT:LED_D3.0mm","1",""
"D2","YELLOW","","LED_THT:LED_D3.0mm","1",""
"D3,D7","LED","","LED_THT:LED_D5.0mm","2",""
"D4,D5,D6","1N5822","http://www.vishay.com/docs/88526/1n5820.pdf","Diode_THT:D_DO-201AD_P12.70mm_Horizontal","3",""
"J1","Real Time Clock","","Connector_Molex:Molex_SL_171971-0006_1x06_P2.54mm_Vertical","1",""
"J2","GSM","","Connector_Molex:Molex_SL_171971-0007_1x07_P2.54mm_Vertical","1",""
"J3","BATTERY_INPUT","","TerminalBlock_MetzConnect:TerminalBlock_MetzConnect_Type055_RT01504HDWU_1x04_P5.00mm_Horizontal","1",""
"J4","Conn_01x09_Socket","","Connector_PinSocket_2.54mm:PinSocket_1x09_P2.54mm_Vertical","1",""
"J5","Conn_01x08_Socket","","Connector_PinSocket_2.54mm:PinSocket_1x08_P2.54mm_Vertical","1",""
"J6","I2C","","TerminalBlock_Phoenix:TerminalBlock_Phoenix_MKDS-1-2-3.81_1x02_P3.81mm_Horizontal","1",""
"J7","WIND SPEED","","TerminalBlock_Phoenix:TerminalBlock_Phoenix_MKDS-1-2-3.81_1x02_P3.81mm_Horizontal","1",""
"J8","LIGHT INTENSITY","","TerminalBlock_Phoenix:TerminalBlock_Phoenix_MKDS-1-2-3.81_1x02_P3.81mm_Horizontal","1",""
"J9","RAINFALL SENSOR","","TerminalBlock_Phoenix:TerminalBlock_Phoenix_MKDS-1-2-3.81_1x02_P3.81mm_Horizontal","1",""
"J10","WIND VANE","","TerminalBlock_Phoenix:TerminalBlock_Phoenix_MKDS-1-3-3.81_1x03_P3.81mm_Horizontal","1",""
"J11","SD CARD","","Connector_Molex:Molex_SL_171971-0006_1x06_P2.54mm_Vertical","1",""
"J12","SOIL TEMP","","TerminalBlock_Phoenix:TerminalBlock_Phoenix_MKDS-1-3-3.81_1x03_P3.81mm_Horizontal","1",""
"J13","DHT 22","","TerminalBlock_Phoenix:TerminalBlock_Phoenix_MKDS-1-3-3.81_1x03_P3.81mm_Horizontal","1",""
"J14","SH25","","TerminalBlock_Phoenix:TerminalBlock_Phoenix_MKDS-1-4-3.81_1x04_P3.81mm_Horizontal","1",""
"J15","ATM PRESSURE","","TerminalBlock_Phoenix:TerminalBlock_Phoenix_MKDS-1-4-3.81_1x04_P3.81mm_Horizontal","1",""
"J16","SOIL MOISTURE","","TerminalBlock_Phoenix:TerminalBlock_Phoenix_MKDS-1-3-3.81_1x03_P3.81mm_Horizontal","1",""
"J17","+3.3V","","TerminalBlock_Phoenix:TerminalBlock_Phoenix_MKDS-1-2-3.81_1x02_P3.81mm_Horizontal","1",""
"J18","+5V","","TerminalBlock_Phoenix:TerminalBlock_Phoenix_MKDS-1-2-3.81_1x02_P3.81mm_Horizontal","1",""
"J19","SOLAR_INPUT","","TerminalBlock_MetzConnect:TerminalBlock_MetzConnect_Type055_RT01502HDWU_1x02_P5.00mm_Horizontal","1",""
"J20","8.4V","","Connector_PinSocket_2.54mm:PinSocket_1x01_P2.54mm_Vertical","1",""
"J21","0V","","Connector_PinSocket_2.54mm:PinSocket_1x01_P2.54mm_Vertical","1",""
"J22,J31","IN+","","Connector_PinSocket_2.54mm:PinSocket_1x01_P2.54mm_Vertical","2",""
"J24,J32","IN-","","Connector_PinSocket_2.54mm:PinSocket_1x01_P2.54mm_Vertical","2",""
"J25,J42,J43,J44,J45","12.6V","","Connector_PinSocket_2.54mm:PinSocket_1x01_P2.54mm_Vertical","5",""
"J26","P+","","Connector_PinSocket_2.54mm:PinSocket_1x01_P2.54mm_Vertical","1",""
"J27","P-","","Connector_PinSocket_2.54mm:PinSocket_1x01_P2.54mm_Vertical","1",""
"J28","4.2V","","Connector_PinSocket_2.54mm:PinSocket_1x01_P2.54mm_Vertical","1",""
"J29,J34","OUT+","","Connector_PinSocket_2.54mm:PinSocket_1x01_P2.54mm_Vertical","2",""
"J30,J35","OUT-","","Connector_PinSocket_2.54mm:PinSocket_1x01_P2.54mm_Vertical","2",""
"J33","5V_OUTPUT","","TerminalBlock_MetzConnect:TerminalBlock_MetzConnect_Type055_RT01502HDWU_1x02_P5.00mm_Horizontal","1",""
"J36","IN","","Connector_PinSocket_2.54mm:PinSocket_1x02_P2.54mm_Vertical","1",""
"J37,J38","Conn_01x03_Socket","","Connector_PinSocket_2.54mm:PinSocket_1x03_P2.54mm_Vertical","2",""
"J39","3.3V_OUTPUT","","TerminalBlock_MetzConnect:TerminalBlock_MetzConnect_Type055_RT01502HDWU_1x02_P5.00mm_Horizontal","1",""
"J40","OUT","","Connector_PinSocket_2.54mm:PinSocket_1x02_P2.54mm_Vertical","1",""
"J41,J46","Conn_01x20_Socket","","Connector_PinSocket_2.54mm:PinSocket_1x20_P2.54mm_Vertical","2",""
"J47","I2C","","TerminalBlock_MetzConnect:TerminalBlock_MetzConnect_Type055_RT01502HDWU_1x02_P5.00mm_Horizontal","1",""
"R1,R2,R5,R6","4.7k","","Resistor_THT:R_Axial_DIN0204_L3.6mm_D1.6mm_P7.62mm_Horizontal","4",""
"R3,R9","1k","","Resistor_THT:R_Axial_DIN0204_L3.6mm_D1.6mm_P7.62mm_Horizontal","2",""
"R4,R7","2k","","Resistor_THT:R_Axial_DIN0204_L3.6mm_D1.6mm_P7.62mm_Horizontal","2",""
"R8","0.47k","","Resistor_THT:R_Axial_DIN0204_L3.6mm_D1.6mm_P7.62mm_Horizontal","1",""
"R10,R11","4.7k","","Resistor_THT:R_Axial_DIN0207_L6.3mm_D2.5mm_P7.62mm_Horizontal","2",""
"R12,R14,R16,R18,R20,R22,R24","10K","","Resistor_THT:R_Axial_DIN0207_L6.3mm_D2.5mm_P7.62mm_Horizontal","7",""
"R13","20k","","Resistor_THT:R_Axial_DIN0207_L6.3mm_D2.5mm_P7.62mm_Horizontal","1",""
"R15,R23,R25","13k","","Resistor_THT:R_Axial_DIN0207_L6.3mm_D2.5mm_P7.62mm_Horizontal","3",""
"R17","1.5K","","Resistor_THT:R_Axial_DIN0207_L6.3mm_D2.5mm_P7.62mm_Horizontal","1",""
"R19","2k","","Resistor_THT:R_Axial_DIN0207_L6.3mm_D2.5mm_P7.62mm_Horizontal","1",""
"R21","1.2K","","Resistor_THT:R_Axial_DIN0207_L6.3mm_D2.5mm_P7.62mm_Horizontal","1",""
"U1","ESP32-DEVKITC-32U","","ESP32-DEVKIT:MODULE_ESP32-DEVKITC-32U","1",""
